epoch,step,train_loss
0,49,0.07174516469240189
0,99,0.03961414098739624
