epoch,step,train_loss
0,49,0.07137304544448853
0,99,0.037787243723869324
